-0.03641893342137337,0.16341158747673035,0.044130679219961166,-0.01198236271739006,0.0044668675400316715,-0.032465241849422455,-0.03537740558385849,-0.14645031094551086,0.12748830020427704,-0.05490158870816231,0.3114664852619171,-0.057229191064834595,-0.20809674263000488,-0.11887872219085693,-0.06339947879314423,0.1524292677640915,-0.26065436005592346,-0.05956335738301277,-0.03891324996948242,0.004857278428971767,0.09999091923236847,0.0015181509079411626,0.05518075451254845,-0.023619212210178375,-0.02492113597691059,-0.3229008615016937,-0.08992523699998856,-0.06850866228342056,0.062481753528118134,-0.06558547914028168,-0.0690094381570816,0.03825177624821663,-0.17760249972343445,-0.08670295774936676,0.022171474993228912,0.038846876472234726,-0.03131195530295372,-0.03763079270720482,0.21900223195552826,-0.028914114460349083,-0.14085499942302704,0.06365415453910828,0.03079439327120781,0.2657511234283447,0.253698468208313,0.028971519321203232,-0.03981123864650726,-0.1558256447315216,0.08137747645378113,-0.17090646922588348,0.004846596159040928,0.17761744558811188,0.036142703145742416,0.09769332408905029,-0.07017631828784943,-0.05514860898256302,0.0024366090074181557,0.06190617009997368,-0.13640713691711426,-0.022283485159277916,0.1348506063222885,-0.14465418457984924,-0.07102513313293457,-0.04541122913360596,0.18237125873565674,0.061350394040346146,-0.11267326772212982,-0.20317381620407104,0.06653270870447159,-0.15374450385570526,-0.10697272419929504,0.029292691498994827,-0.1414775550365448,-0.1404186636209488,-0.28644704818725586,0.024379340931773186,0.3648676872253418,0.04899941384792328,-0.17519903182983398,0.06075473129749298,-0.0690731480717659,-0.04235134646296501,0.16985593736171722,0.14601948857307434,-0.0024766121059656143,0.013112443499267101,-0.09318576753139496,0.03479493036866188,0.19320076704025269,-0.09430339932441711,-0.058266282081604004,0.23661784827709198,-0.03732045367360115,0.09805446863174438,0.058709871023893356,0.048423316329717636,0.019130917266011238,0.05531591176986694,-0.18006709218025208,0.0045587411150336266,0.07628042250871658,-0.05504618212580681,-0.02141415886580944,0.11167722940444946,-0.1297411024570465,0.09816523641347885,0.012500494718551636,0.06978324800729752,0.11058622598648071,-0.10764694213867188,-0.07677976787090302,-0.06362361460924149,0.15752089023590088,-0.22512678802013397,0.21797583997249603,0.17929485440254211,0.0680069550871849,0.07050182670354843,0.11182329803705215,0.09581451863050461,-0.006099221762269735,-0.014036850072443485,-0.23505431413650513,-0.004892329685389996,0.06729640066623688,0.05272672325372696,0.06569069623947144,-0.04062623903155327
-0.04633647948503494,0.14910753071308136,0.05514863133430481,-0.008258155547082424,0.0055906930938363075,-0.05724385753273964,-0.015933949500322342,-0.1275821179151535,0.1309138983488083,-0.0728931650519371,0.3009200096130371,-0.07328135520219803,-0.17817538976669312,-0.11218878626823425,-0.04536953940987587,0.13304975628852844,-0.2375253289937973,-0.06199752539396286,-0.029806720092892647,-0.0012204553931951523,0.12753421068191528,-0.0076276808977127075,0.05547131225466728,-0.030384013429284096,-0.04469279944896698,-0.33105573058128357,-0.09725719690322876,-0.0828099325299263,0.0783509612083435,-0.07621591538190842,-0.047318026423454285,0.02735791727900505,-0.1805066615343094,-0.07040513306856155,-0.01970919780433178,0.04031837731599808,-0.02708698809146881,-0.026827111840248108,0.23228968679904938,-0.006744160316884518,-0.1555062085390091,0.06414971500635147,0.0013867784291505814,0.27647098898887634,0.26072558760643005,0.012429071590304375,-0.02910827100276947,-0.15733923017978668,0.09019750356674194,-0.17659761011600494,0.0026109199970960617,0.16780462861061096,0.04767472296953201,0.09823876619338989,-0.06323833763599396,-0.034970611333847046,0.020908262580633163,0.04663226008415222,-0.1529846489429474,-0.0013618262019008398,0.1568654179573059,-0.13021105527877808,-0.06607187539339066,-0.03709021583199501,0.19388312101364136,0.042517971247434616,-0.11564293503761292,-0.1850992888212204,0.06522238999605179,-0.15957032144069672,-0.0948571115732193,0.04670555889606476,-0.1424538791179657,-0.1420561820268631,-0.30246660113334656,0.04666445404291153,0.3737432360649109,0.04160222038626671,-0.16027240455150604,0.05508941784501076,-0.09100660681724548,-0.030393999069929123,0.1794085055589676,0.1449252814054489,-0.01012679748237133,0.0009106909856200218,-0.09561337530612946,0.05421631410717964,0.1816575825214386,-0.10379736125469208,-0.05308253690600395,0.22876183688640594,-0.035287730395793915,0.11972077190876007,0.029404977336525917,0.05521070584654808,0.006583169102668762,0.07439769059419632,-0.14518874883651733,0.03683863952755928,0.07952731847763062,-0.06870853900909424,-0.01594623550772667,0.11716988682746887,-0.14322780072689056,0.11411770433187485,0.003280640346929431,0.06411108374595642,0.10841556638479233,-0.09928593784570694,-0.08770544081926346,-0.05866667628288269,0.1438198834657669,-0.23219233751296997,0.2022339105606079,0.194459468126297,0.0582740418612957,0.06506936997175217,0.1125684604048729,0.09389366209506989,-0.013708952814340591,0.0004901234060525894,-0.2555498778820038,0.03403381630778313,0.0522775799036026,0.05430617928504944,0.03504862263798714,-0.031354956328868866
-0.04317326843738556,0.1510937213897705,0.03158830851316452,0.005813203286379576,-0.006069231778383255,-0.04416338726878166,-0.040441107004880905,-0.15076342225074768,0.12171433120965958,-0.056079767644405365,0.3005981743335724,-0.061141401529312134,-0.2023259401321411,-0.1287018209695816,-0.06045132875442505,0.1579197347164154,-0.24942457675933838,-0.08102619647979736,-0.030102133750915527,-0.006915272679179907,0.09188322722911835,-0.00258627999573946,0.05796439200639725,-0.0280262790620327,-0.024171805009245872,-0.3353901505470276,-0.08222419023513794,-0.08473703265190125,0.06530870497226715,-0.08807249367237091,-0.05781358480453491,0.05189862847328186,-0.17495612800121307,-0.06366033107042313,0.020770378410816193,0.03307411074638367,-0.026608753949403763,-0.029961848631501198,0.22707311809062958,-0.03102225437760353,-0.15451131761074066,0.046227045357227325,0.024427298456430435,0.26770123839378357,0.23302827775478363,-0.0004311438533477485,-0.02120993472635746,-0.15683627128601074,0.0749615877866745,-0.13673457503318787,-0.0048674363642930984,0.1837349236011505,0.047450270503759384,0.09088768810033798,-0.07984115183353424,-0.05802379548549652,-0.005542566068470478,0.05853508412837982,-0.13933730125427246,-0.011751687154173851,0.14632421731948853,-0.13058742880821228,-0.09156783670186996,-0.04663211479783058,0.18476024270057678,0.04557309299707413,-0.11742650717496872,-0.21233554184436798,0.06774823367595673,-0.1552417278289795,-0.09589364379644394,0.04206756502389908,-0.1542559713125229,-0.1558254212141037,-0.286696195602417,0.018308211117982864,0.34952664375305176,0.028884973376989365,-0.16174308955669403,0.060561299324035645,-0.06802614778280258,-0.03975275158882141,0.14560934901237488,0.14803382754325867,-0.017234668135643005,0.03273729234933853,-0.08344778418540955,0.04620774835348129,0.18487511575222015,-0.08906971663236618,-0.060497477650642395,0.2131902128458023,-0.04463636875152588,0.09256323426961899,0.04379069432616234,0.049096208065748215,0.032461173832416534,0.05002342537045479,-0.16044218838214874,0.00883378367871046,0.05832461267709732,-0.07959149032831192,-0.0225495845079422,0.10385774821043015,-0.1284274011850357,0.09584812819957733,0.01664917916059494,0.07651378214359283,0.09358275681734085,-0.08382493257522583,-0.08004781603813171,-0.07145638763904572,0.1550455391407013,-0.23132705688476562,0.22110344469547272,0.19295205175876617,0.08973207324743271,0.06957287341356277,0.09938973933458328,0.09477552771568298,-0.016724301502108574,-0.01600012741982937,-0.23388490080833435,0.010850957594811916,0.058363061398267746,0.052258796989917755,0.047059573233127594,-0.03826503828167915
-0.045107100158929825,0.18004542589187622,0.07836657762527466,-0.006457772105932236,-0.01077302172780037,-0.025214068591594696,-0.019237594678997993,-0.13318027555942535,0.1298806518316269,-0.04971468076109886,0.31734374165534973,-0.049153897911310196,-0.20227299630641937,-0.13138695061206818,-0.046805549412965775,0.14972509443759918,-0.2159511297941208,-0.0735100656747818,-0.022742681205272675,0.026244062930345535,0.12956155836582184,-0.001617639441974461,0.06768079847097397,-0.04217357933521271,-0.03581267595291138,-0.36177584528923035,-0.08600331842899323,-0.051298100501298904,0.08005553483963013,-0.07162386178970337,-0.060568731278181076,0.04512116685509682,-0.17682170867919922,-0.04797659069299698,0.0041290950030088425,0.05128815397620201,-0.027331076562404633,-0.042914409190416336,0.2195863425731659,-0.0021377485245466232,-0.16427519917488098,0.04356778785586357,0.0109768221154809,0.26194968819618225,0.26281142234802246,0.01698465831577778,-0.0056205131113529205,-0.1294896900653839,0.0823533833026886,-0.19646409153938293,0.007827297784388065,0.18166190385818481,0.04015390947461128,0.0762600526213646,-0.050051942467689514,-0.06156209483742714,0.007252090610563755,0.04385131970047951,-0.16142496466636658,-0.015020119026303291,0.1275111883878708,-0.1405298411846161,-0.09150601178407669,-0.038936030119657516,0.1848955750465393,0.07175471633672714,-0.1153721734881401,-0.20150117576122284,0.06473999470472336,-0.16519014537334442,-0.08541584014892578,0.035646259784698486,-0.1632326990365982,-0.13848963379859924,-0.2969888746738434,0.03860507160425186,0.380130797624588,0.04970327019691467,-0.1815040111541748,0.067489854991436,-0.06017658859491348,-0.013687890954315662,0.1613069325685501,0.161513552069664,-0.006904671899974346,0.01605883613228798,-0.11948399990797043,0.021338986232876778,0.17541155219078064,-0.10501369833946228,-0.05537983775138855,0.24752245843410492,-0.03583410754799843,0.11079668253660202,0.03875654935836792,0.04277649521827698,0.016880672425031662,0.04450333118438721,-0.14428044855594635,-0.0024243975058197975,0.06025836616754532,-0.0661604180932045,-0.02823168784379959,0.12029470503330231,-0.14978526532649994,0.10145752131938934,-0.010744406841695309,0.07869862020015717,0.11114103347063065,-0.11491882801055908,-0.0671529471874237,-0.07577112317085266,0.12546151876449585,-0.2286810576915741,0.19371263682842255,0.19408541917800903,0.03569583222270012,0.07205726951360703,0.11436006426811218,0.10753609240055084,0.010553707368671894,0.007414884865283966,-0.2109156996011734,0.0055318488739430904,0.03830210119485855,0.034093525260686874,0.021452397108078003,-0.04531749337911606
-0.040686365216970444,0.15381601452827454,0.046863239258527756,-0.007032762281596661,0.0021783215925097466,-0.04472667723894119,-0.03978763520717621,-0.13961033523082733,0.12890088558197021,-0.04914998263120651,0.31375637650489807,-0.06466974318027496,-0.1975705623626709,-0.11889050155878067,-0.056788891553878784,0.1450997292995453,-0.2511547803878784,-0.07088205963373184,-0.03408036381006241,-0.002596492413431406,0.12289267778396606,-0.0001863574143499136,0.06701625883579254,-0.03476392850279808,-0.04585222154855728,-0.3336199223995209,-0.0939774289727211,-0.08821214735507965,0.06450145691633224,-0.08034508675336838,-0.05442307889461517,0.0336153469979763,-0.1835784912109375,-0.06571443378925323,0.01628151349723339,0.03717594966292381,-0.019573986530303955,-0.03809501230716705,0.2169918715953827,-0.013780402950942516,-0.1442277431488037,0.07270044088363647,0.0008245846256613731,0.26798978447914124,0.25832056999206543,0.01228023786097765,-0.019453465938568115,-0.16848546266555786,0.08026479929685593,-0.15268488228321075,0.007098797708749771,0.18427760899066925,0.038872130215168,0.09218546003103256,-0.060899700969457626,-0.053384386003017426,0.0046750083565711975,0.061223290860652924,-0.13607929646968842,-0.012208616361021996,0.15722255408763885,-0.12343579530715942,-0.06759218871593475,-0.0650118738412857,0.17299191653728485,0.045304566621780396,-0.11676696687936783,-0.20529082417488098,0.059567712247371674,-0.14217498898506165,-0.09940864890813828,0.03380153700709343,-0.1677725464105606,-0.1494252234697342,-0.2910076975822449,0.02956235222518444,0.3711332082748413,0.03691292181611061,-0.17540299892425537,0.05557261407375336,-0.07842718064785004,-0.023351041600108147,0.15639401972293854,0.1354595124721527,-0.006647714413702488,0.011901524849236012,-0.09358826279640198,0.04821387305855751,0.18885298073291779,-0.10140278190374374,-0.056596167385578156,0.2202308624982834,-0.05624684318900108,0.10260478407144547,0.04165549948811531,0.03908012807369232,0.016118697822093964,0.07017043977975845,-0.15317119657993317,0.026932409033179283,0.03937682509422302,-0.07588819414377213,-0.02619992196559906,0.10375542938709259,-0.13011103868484497,0.09556616842746735,0.0088494922965765,0.06717393547296524,0.0804411917924881,-0.0979064330458641,-0.08661116659641266,-0.05033808574080467,0.15354229509830475,-0.23757538199424744,0.2274867296218872,0.19844764471054077,0.0871724784374237,0.07330592721700668,0.10281519591808319,0.10070420801639557,-0.020130187273025513,0.00546684954315424,-0.24447426199913025,0.017308957874774933,0.04770112782716751,0.06183840334415436,0.042124710977077484,-0.036099787801504135
-0.03906142711639404,0.15051281452178955,0.04306779429316521,-0.00850997120141983,0.0046403054147958755,-0.04714665189385414,-0.03169405460357666,-0.1418040245771408,0.12207695841789246,-0.07729758322238922,0.2913336455821991,-0.06693587452173233,-0.19736838340759277,-0.11813724786043167,-0.06811985373497009,0.14728672802448273,-0.25477898120880127,-0.08103512227535248,-0.03531813248991966,0.0027165133506059647,0.12361562252044678,0.007660517934709787,0.04890821501612663,-0.03681716322898865,-0.043661508709192276,-0.31546565890312195,-0.09742698818445206,-0.0820387750864029,0.05648213252425194,-0.07097567617893219,-0.054206185042858124,0.027176035568118095,-0.17096945643424988,-0.0763518363237381,0.017479198053479195,0.05144445598125458,-0.021665889769792557,-0.028038300573825836,0.22400274872779846,-0.011069121770560741,-0.1448107808828354,0.06430329382419586,0.03139832988381386,0.26904359459877014,0.2560064196586609,0.017649885267019272,-0.031947821378707886,-0.16719692945480347,0.08641587197780609,-0.16909977793693542,0.004227460362017155,0.18198227882385254,0.05174603313207626,0.11470744013786316,-0.053524356335401535,-0.04643335938453674,0.027065526694059372,0.04251830279827118,-0.12343107908964157,-0.00616490887477994,0.15943479537963867,-0.13261014223098755,-0.055776938796043396,-0.026521390303969383,0.18930350244045258,0.018592925742268562,-0.11786461621522903,-0.18857678771018982,0.07305601239204407,-0.15179789066314697,-0.11712410300970078,0.0270589217543602,-0.14624014496803284,-0.1329721212387085,-0.29017573595046997,0.027959302067756653,0.3878313899040222,0.04406207054853439,-0.172796830534935,0.07307291775941849,-0.07943995296955109,-0.0450107716023922,0.16344499588012695,0.153997540473938,-0.005540790036320686,0.01605081558227539,-0.09720462560653687,0.049102164804935455,0.19364231824874878,-0.09851812571287155,-0.050451911985874176,0.2208450883626938,-0.03582002967596054,0.11325620859861374,0.06339788436889648,0.04727951064705849,0.007881686091423035,0.05844023451209068,-0.1567908078432083,0.016388315707445145,0.0727299377322197,-0.07700210064649582,-0.024920202791690826,0.11585076153278351,-0.12075302749872208,0.1110786721110344,0.0009972229599952698,0.061131782829761505,0.09057315438985825,-0.09255388379096985,-0.08484698832035065,-0.051310308277606964,0.15164189040660858,-0.2150246649980545,0.2129412591457367,0.18359766900539398,0.06475839763879776,0.06467355787754059,0.1201472282409668,0.10759610682725906,-0.012885749340057373,0.0047017959877848625,-0.24251554906368256,-0.002295989776030183,0.04380707070231438,0.05684510990977287,0.05821231007575989,-0.030689705163240433
-0.04770323261618614,0.12298573553562164,0.04090967774391174,-0.012402161955833435,-0.0072817690670490265,-0.04983215034008026,-0.04872754216194153,-0.15920591354370117,0.1222640722990036,-0.07051081210374832,0.3173203468322754,-0.06273414939641953,-0.18705998361110687,-0.1398860216140747,-0.0668986514210701,0.16246049106121063,-0.25537174940109253,-0.07455742359161377,-0.032030314207077026,0.012669836170971394,0.11239075660705566,0.007738420274108648,0.07469108700752258,-0.03135454282164574,-0.02813766896724701,-0.33785632252693176,-0.0881715789437294,-0.07701878249645233,0.07724512368440628,-0.0829697996377945,-0.07639232277870178,0.04103667661547661,-0.1752384901046753,-0.07080203294754028,0.027787109836935997,0.055774059146642685,-0.02766268700361252,-0.04342900216579437,0.22159376740455627,-0.034245993942022324,-0.15886490046977997,0.054864175617694855,0.043340057134628296,0.25564005970954895,0.2483951449394226,0.011136450804769993,-0.026939738541841507,-0.1627146154642105,0.08702584356069565,-0.16273969411849976,0.011657473631203175,0.16026364266872406,0.041680388152599335,0.09739217907190323,-0.05509161576628685,-0.0600767582654953,0.0006889495998620987,0.06920886039733887,-0.133738711476326,-0.004951093345880508,0.14631390571594238,-0.11721749603748322,-0.07539047300815582,-0.05317458137869835,0.1842263787984848,0.050387319177389145,-0.12479108572006226,-0.2077205628156662,0.05548747256398201,-0.15045003592967987,-0.10204703360795975,0.04666741564869881,-0.15849816799163818,-0.14612193405628204,-0.28970569372177124,0.0005730222910642624,0.37172117829322815,0.028875339776277542,-0.1691468507051468,0.05288305506110191,-0.057982321828603745,-0.04478014260530472,0.15866994857788086,0.14460806548595428,0.01051708497107029,0.024749305099248886,-0.09340785443782806,0.03849244490265846,0.19180278480052948,-0.0928255170583725,-0.053875964134931564,0.2220889776945114,-0.0389510914683342,0.1051587238907814,0.04462194815278053,0.05833851546049118,0.0234605111181736,0.05557972192764282,-0.16739583015441895,0.01066627912223339,0.04566357284784317,-0.06372756510972977,-0.024404291063547134,0.10179311037063599,-0.11770682036876678,0.10698659718036652,0.015950201079249382,0.07612039148807526,0.09937988221645355,-0.09659458696842194,-0.07566115260124207,-0.05890796706080437,0.13642281293869019,-0.23409798741340637,0.2213868498802185,0.1916433423757553,0.10293179750442505,0.07441374659538269,0.0928550660610199,0.09244342148303986,-0.010828424245119095,-0.0003049345687031746,-0.23502391576766968,0.008723708800971508,0.04233785718679428,0.04425504431128502,0.05457703769207001,-0.031463488936424255
-0.039803486317396164,0.14068028330802917,0.027153177186846733,-0.014692919328808784,0.00427723303437233,-0.043047141283750534,-0.023454084992408752,-0.14454977214336395,0.13073855638504028,-0.07691317051649094,0.3035018742084503,-0.07953114807605743,-0.20484204590320587,-0.13001933693885803,-0.04619753733277321,0.14652271568775177,-0.239790141582489,-0.05061797797679901,-0.05737055465579033,-0.009179919958114624,0.07962942868471146,0.011285146698355675,0.05615542083978653,-0.01785348169505596,-0.021861335262656212,-0.33777016401290894,-0.08755218237638474,-0.08412598073482513,0.0588495209813118,-0.07590975612401962,-0.05595006048679352,0.04886186495423317,-0.1718645989894867,-0.10086334496736526,0.01373152807354927,0.04081808403134346,-0.04454769566655159,-0.027892787009477615,0.2268635332584381,-0.024408387020230293,-0.1329880803823471,0.040390606969594955,0.03585100173950195,0.26795274019241333,0.24484997987747192,0.026197124272584915,-0.03569219261407852,-0.1444970965385437,0.0958406999707222,-0.1762096881866455,-0.003589155152440071,0.16821900010108948,0.01881204918026924,0.10866837948560715,-0.06154242902994156,-0.045333411544561386,0.007780013605952263,0.06347627192735672,-0.13953132927417755,-0.006381183862686157,0.14100636541843414,-0.13935025036334991,-0.09120729565620422,-0.031169207766652107,0.18329128623008728,0.05524570494890213,-0.1059442088007927,-0.188171848654747,0.0778886079788208,-0.1685812771320343,-0.10036725550889969,0.024832708761096,-0.14508496224880219,-0.14103743433952332,-0.28802311420440674,0.025331074371933937,0.3554225265979767,0.049898672848939896,-0.15014341473579407,0.04872862994670868,-0.06156202405691147,-0.040720924735069275,0.16920970380306244,0.13935482501983643,0.0005572885274887085,0.002349287271499634,-0.07201768457889557,0.045048244297504425,0.18211372196674347,-0.08390358835458755,-0.05399348586797714,0.22914952039718628,-0.037864428013563156,0.09600256383419037,0.06190384551882744,0.04716424643993378,0.012380820699036121,0.03970041126012802,-0.17615360021591187,0.017741158604621887,0.09032654762268066,-0.0734519436955452,-0.012471971102058887,0.10611633211374283,-0.12905001640319824,0.1230713278055191,0.008056419901549816,0.06932173669338226,0.11691875755786896,-0.09376909583806992,-0.07347094267606735,-0.05986255034804344,0.16158483922481537,-0.19887162744998932,0.21496964991092682,0.1812794804573059,0.06872796267271042,0.07721111923456192,0.10046645998954773,0.10036690533161163,-0.015344537794589996,6.017554551362991e-05,-0.24011929333209991,-0.01335981022566557,0.05146006494760513,0.0657682716846466,0.050593454390764236,-0.043120838701725006
-0.0487334169447422,0.1529669314622879,0.05657222494482994,-0.0029300751630216837,-0.006664418615400791,-0.052068937569856644,-0.01796101965010166,-0.14355283975601196,0.13208377361297607,-0.07381594181060791,0.30295708775520325,-0.06477519869804382,-0.18323813378810883,-0.12090601027011871,-0.028199028223752975,0.13157083094120026,-0.23774725198745728,-0.05869594216346741,-0.03170856833457947,0.008021106943488121,0.13149189949035645,0.007275295909494162,0.07730662822723389,-0.03244166448712349,-0.03695203363895416,-0.35888275504112244,-0.10195292532444,-0.0912109985947609,0.08342674374580383,-0.08218317478895187,-0.052118562161922455,0.0331842266023159,-0.1732434183359146,-0.06362433731555939,-0.017804071307182312,0.04424947500228882,-0.027835993096232414,-0.028756316751241684,0.22113323211669922,-0.0005532321520149708,-0.15974079072475433,0.055015552788972855,-0.0032917046919465065,0.2750535011291504,0.25624310970306396,0.00851862970739603,-0.015777776017785072,-0.1479983627796173,0.0824398398399353,-0.16715212166309357,0.008870908990502357,0.16431722044944763,0.05478620156645775,0.08366227895021439,-0.044173382222652435,-0.04319215565919876,0.01258921716362238,0.03499826043844223,-0.158181294798851,-0.0005001681856811047,0.16733777523040771,-0.1199694573879242,-0.07756608724594116,-0.04031984135508537,0.19585496187210083,0.04915936663746834,-0.11130736768245697,-0.1881563514471054,0.05838718265295029,-0.1562233567237854,-0.09291884303092957,0.04752108454704285,-0.1660025417804718,-0.14633281528949738,-0.2883230447769165,0.032692987471818924,0.37292027473449707,0.04421240836381912,-0.16309860348701477,0.05106370151042938,-0.0965907946228981,-0.023555293679237366,0.17008046805858612,0.14525945484638214,0.002945495769381523,0.015440378338098526,-0.10101211816072464,0.06056143343448639,0.16252155601978302,-0.11205469071865082,-0.052653077989816666,0.24102632701396942,-0.03625697270035744,0.11689244210720062,0.026257283985614777,0.03355194628238678,0.010056866332888603,0.06804490834474564,-0.14477133750915527,0.019896190613508224,0.06734717637300491,-0.06639281660318375,-0.016290614381432533,0.10684743523597717,-0.14369508624076843,0.11513523757457733,0.00738035561516881,0.07160051167011261,0.11191615462303162,-0.10430847108364105,-0.09276410937309265,-0.06228509172797203,0.14355120062828064,-0.23891660571098328,0.19905897974967957,0.19738805294036865,0.05628449097275734,0.06775078177452087,0.09418971836566925,0.09738582372665405,-0.014002509415149689,0.0012962250038981438,-0.2551013231277466,0.03912849724292755,0.050893060863018036,0.050674356520175934,0.019343221560120583,-0.03566478192806244
-0.05386859551072121,0.16271650791168213,0.04824113845825195,-0.007365647703409195,0.002766067162156105,-0.06258781254291534,-0.04359450936317444,-0.13731026649475098,0.11265592277050018,-0.06965135782957077,0.28256943821907043,-0.07597203552722931,-0.20450447499752045,-0.1101222038269043,-0.06696155667304993,0.1471763551235199,-0.25645118951797485,-0.07539771497249603,-0.031206641346216202,-0.0003552362322807312,0.13025125861167908,-7.31137115508318e-05,0.04999901354312897,-0.03410974144935608,-0.053876012563705444,-0.3224376142024994,-0.10028979182243347,-0.08055733889341354,0.05639646202325821,-0.06491810828447342,-0.04883436858654022,0.019746912643313408,-0.18401262164115906,-0.08243390172719955,0.010583261027932167,0.04258120805025101,-0.017185969278216362,-0.019705872982740402,0.23147767782211304,-0.004920478910207748,-0.1530284732580185,0.059492092579603195,0.028637465089559555,0.27095431089401245,0.25690972805023193,0.04321443289518356,-0.024109072983264923,-0.17506557703018188,0.09111646562814713,-0.1694183498620987,0.02137477695941925,0.19145546853542328,0.05035236105322838,0.11563350260257721,-0.05344247817993164,-0.05651464685797691,0.03653588518500328,0.039610181003808975,-0.13826331496238708,-0.0138662438839674,0.17580540478229523,-0.11957249790430069,-0.04172968864440918,-0.02805333584547043,0.20143207907676697,0.016387932002544403,-0.12176404148340225,-0.18274730443954468,0.0766928419470787,-0.15050216019153595,-0.1020824983716011,0.02925671637058258,-0.13349111378192902,-0.13538450002670288,-0.30714285373687744,0.03705247491598129,0.3768077790737152,0.0497049055993557,-0.16175569593906403,0.06955207139253616,-0.09542859345674515,-0.05091487988829613,0.16831552982330322,0.14716236293315887,-0.011130324564874172,0.007318743504583836,-0.09045904874801636,0.044336188584566116,0.18841831386089325,-0.09644536674022675,-0.04204278439283371,0.22448033094406128,-0.03136124089360237,0.10774480551481247,0.05094825103878975,0.06249001994729042,-0.020470594987273216,0.06969179958105087,-0.13758468627929688,0.033443622291088104,0.07263554632663727,-0.07009167969226837,-0.01675933226943016,0.11926664412021637,-0.13155816495418549,0.11512461304664612,-0.005548248998820782,0.06057625636458397,0.07718367874622345,-0.09618787467479706,-0.09308519214391708,-0.059160053730010986,0.14124038815498352,-0.22791483998298645,0.21549288928508759,0.18129420280456543,0.04913856089115143,0.07021743059158325,0.12906506657600403,0.11201285570859909,-0.012865393422544003,0.0009681954979896545,-0.24806922674179077,-0.002599569736048579,0.055146101862192154,0.05210423097014427,0.059584811329841614,-0.020631371065974236
-0.044530369341373444,0.16454128921031952,0.040262795984745026,-0.005807184614241123,-0.006264973431825638,-0.02710280753672123,-0.03211589530110359,-0.14887593686580658,0.13039061427116394,-0.06492415070533752,0.29617565870285034,-0.05169171839952469,-0.21495404839515686,-0.12627381086349487,-0.05843237414956093,0.1549496203660965,-0.24055026471614838,-0.06814853847026825,-0.04684573784470558,-0.018914785236120224,0.08795993775129318,0.01583988033235073,0.06595885008573532,-0.021533502265810966,-0.02534131519496441,-0.32865235209465027,-0.08428455144166946,-0.08086387068033218,0.05393657460808754,-0.06939868628978729,-0.05663906782865524,0.04332508146762848,-0.1739303022623062,-0.07717917859554291,0.007784860208630562,0.0354379303753376,-0.031058209016919136,-0.030452730134129524,0.22081983089447021,-0.024883612990379333,-0.13626064360141754,0.04358713701367378,0.028310544788837433,0.2706104516983032,0.24692527949810028,0.023985417559742928,-0.033417098224163055,-0.14300636947155,0.07439802587032318,-0.16702988743782043,0.0005964655429124832,0.1800963431596756,0.02559652552008629,0.08683865517377853,-0.0653558000922203,-0.051764167845249176,0.0024174945428967476,0.04694396257400513,-0.1294509619474411,-0.010205782949924469,0.12898489832878113,-0.15004479885101318,-0.09468856453895569,-0.03992762044072151,0.1814431995153427,0.048830509185791016,-0.10291513055562973,-0.1907905787229538,0.07215355336666107,-0.16413366794586182,-0.10915518552064896,0.027537377551198006,-0.15617810189723969,-0.1445348560810089,-0.3008091151714325,0.029604915529489517,0.36382728815078735,0.05318573862314224,-0.16379329562187195,0.05926348641514778,-0.052794888615608215,-0.02922697737812996,0.16309258341789246,0.14775864779949188,-0.017016759142279625,0.009603085927665234,-0.09461574256420135,0.049928490072488785,0.18390437960624695,-0.09720520675182343,-0.06845840066671371,0.2352498471736908,-0.035287391394376755,0.09055578708648682,0.05654440075159073,0.05314940959215164,0.028565846383571625,0.04027395322918892,-0.17605960369110107,0.00626784935593605,0.10378424823284149,-0.06851550936698914,-0.020820066332817078,0.10717752575874329,-0.1306930035352707,0.08777141571044922,0.006744902580976486,0.06071991100907326,0.10901854932308197,-0.09577590227127075,-0.09392736107110977,-0.0719454362988472,0.17129473388195038,-0.19638875126838684,0.21182774007320404,0.19665265083312988,0.0599190928041935,0.07486531138420105,0.11474428325891495,0.10529347509145737,-0.015529376454651356,-0.008437134325504303,-0.2221100628376007,-0.015092521905899048,0.06720814853906631,0.058836422860622406,0.05932823568582535,-0.03439219295978546
-0.04005145654082298,0.15578433871269226,0.041346557438373566,-0.0009791473858058453,0.0005795789184048772,-0.030237898230552673,-0.041903648525476456,-0.14737996459007263,0.13101236522197723,-0.06049404665827751,0.29644736647605896,-0.05766497179865837,-0.20737002789974213,-0.11808180063962936,-0.05940772593021393,0.15413281321525574,-0.25200292468070984,-0.056737031787633896,-0.0373622290790081,-0.008988918736577034,0.07646395266056061,0.006379376165568829,0.05886534973978996,-0.019833508878946304,-0.018854066729545593,-0.33040934801101685,-0.07971249520778656,-0.07625793665647507,0.06518209725618362,-0.0581555999815464,-0.07856311649084091,0.05068826675415039,-0.16974060237407684,-0.07826542854309082,0.017332429066300392,0.03584650531411171,-0.03164295852184296,-0.024238085374236107,0.2250060737133026,-0.027310024946928024,-0.14387835562229156,0.036714404821395874,0.03419308364391327,0.265976220369339,0.25753042101860046,0.019817011430859566,-0.0325518473982811,-0.1383717805147171,0.08643419295549393,-0.1648128628730774,-0.005728213116526604,0.18141163885593414,0.054235443472862244,0.09089019894599915,-0.07508449256420135,-0.06169812008738518,-0.006701423786580563,0.045254163444042206,-0.12703990936279297,-0.008394908159971237,0.13356855511665344,-0.14887282252311707,-0.08050095289945602,-0.03277628496289253,0.18477293848991394,0.05151553079485893,-0.11181815713644028,-0.20076780021190643,0.07123666256666183,-0.15968726575374603,-0.09817096590995789,0.037659574300050735,-0.15500397980213165,-0.14914195239543915,-0.30160120129585266,0.01684798300266266,0.36230573058128357,0.0502198301255703,-0.15956613421440125,0.05089044198393822,-0.0660293772816658,-0.044485729187726974,0.15482741594314575,0.14830274879932404,-0.01634777896106243,0.01295092049986124,-0.09163084626197815,0.0437980592250824,0.1924019306898117,-0.09599892050027847,-0.07019820064306259,0.21721422672271729,-0.0396619588136673,0.09965527057647705,0.03952421247959137,0.05946667119860649,0.022408053278923035,0.04441101849079132,-0.17685545980930328,0.0029798452742397785,0.08364136517047882,-0.061981987208127975,-0.010486366227269173,0.1135847195982933,-0.13636043667793274,0.10144200921058655,0.010978182777762413,0.06959572434425354,0.10727007687091827,-0.09148211777210236,-0.08561838418245316,-0.06219751015305519,0.1690412312746048,-0.20261794328689575,0.21103250980377197,0.1871364861726761,0.07686269283294678,0.07078778743743896,0.10509231686592102,0.0903901606798172,-0.012956501916050911,-0.01254304125905037,-0.22126486897468567,-0.014395790174603462,0.05374991148710251,0.050562020391225815,0.06820933520793915,-0.033064331859350204
-0.03445614501833916,0.15872998535633087,0.03391311690211296,-0.010504094883799553,0.003043397795408964,-0.028957052156329155,-0.030513936653733253,-0.14705301821231842,0.1365685611963272,-0.06520678102970123,0.28328806161880493,-0.049799636006355286,-0.2060791403055191,-0.11985175311565399,-0.06162961199879646,0.14967194199562073,-0.24372009932994843,-0.07489877194166183,-0.05456215888261795,-0.01839873194694519,0.0925728902220726,0.025113681331276894,0.05302249640226364,-0.021224701777100563,-0.029250681400299072,-0.3100200593471527,-0.08388205617666245,-0.0708765834569931,0.061636533588171005,-0.08302487432956696,-0.060968056321144104,0.03982679918408394,-0.186979740858078,-0.07029828429222107,0.010275183245539665,0.042633552104234695,-0.029065879061818123,-0.040051646530628204,0.21006105840206146,-0.01818443462252617,-0.1358354538679123,0.05094962567090988,0.0314912274479866,0.2637193500995636,0.2493506819009781,0.015148480422794819,-0.04156724736094475,-0.1528177261352539,0.08836373686790466,-0.15708087384700775,-0.01295708492398262,0.1872343122959137,0.025758959352970123,0.09610983729362488,-0.06481371074914932,-0.05612180009484291,0.0004541706293821335,0.06337207555770874,-0.12430176883935928,-0.006957465782761574,0.12208342552185059,-0.1392408311367035,-0.08606833964586258,-0.0394883006811142,0.1756659895181656,0.036039240658283234,-0.1066756397485733,-0.20156186819076538,0.07887112349271774,-0.1566365659236908,-0.11051192879676819,0.03479115664958954,-0.14996026456356049,-0.14319483935832977,-0.2874872088432312,0.02433343417942524,0.3612467050552368,0.038531314581632614,-0.1594681441783905,0.07458780705928802,-0.06894507259130478,-0.03799571096897125,0.1519732028245926,0.13987895846366882,-0.014135894365608692,0.015348260290920734,-0.09764636307954788,0.05429007112979889,0.2026437222957611,-0.08896569907665253,-0.055365562438964844,0.2290029674768448,-0.042106129229068756,0.08922731876373291,0.04518483579158783,0.04935507848858833,0.017354529350996017,0.05100282281637192,-0.17373822629451752,-0.00035334983840584755,0.09442507475614548,-0.0708475336432457,-0.026424774900078773,0.11525429785251617,-0.12836305797100067,0.09349328279495239,0.0203794464468956,0.06498567014932632,0.10525187104940414,-0.09461218118667603,-0.09437985718250275,-0.06292042136192322,0.1656002402305603,-0.2122514694929123,0.22389638423919678,0.18792766332626343,0.06897827237844467,0.06470048427581787,0.10969643294811249,0.10359450429677963,-0.010619258508086205,-0.011352851055562496,-0.23008759319782257,-0.012417132034897804,0.06422624737024307,0.05788902938365936,0.05105151608586311,-0.033865321427583694
-0.02736695110797882,0.16638809442520142,0.04378875717520714,-0.00816566962748766,0.0011510844342410564,-0.03247576579451561,-0.035227756947278976,-0.1436929702758789,0.12920375168323517,-0.06063254922628403,0.297352135181427,-0.05814746394753456,-0.21406520903110504,-0.11627250164747238,-0.060424771159887314,0.1509275883436203,-0.24668799340724945,-0.05847445875406265,-0.05093403533101082,-0.006935155019164085,0.09431744366884232,0.028282001614570618,0.05316252261400223,-0.02855849079787731,-0.022260937839746475,-0.3248533010482788,-0.08188982307910919,-0.06908968836069107,0.060880210250616074,-0.07920603454113007,-0.06531456112861633,0.04959515482187271,-0.1820029467344284,-0.07262201607227325,0.014510776847600937,0.03905826434493065,-0.033228952437639236,-0.03786960244178772,0.2165307253599167,-0.009517580270767212,-0.14172112941741943,0.0559253953397274,0.01840537041425705,0.2603895664215088,0.24830041825771332,0.02065383642911911,-0.03480392321944237,-0.15114404261112213,0.08748114854097366,-0.16756968200206757,-0.009834971278905869,0.1859540492296219,0.02710878476500511,0.09231635183095932,-0.06587766855955124,-0.05973988398909569,-0.004484951496124268,0.06122441589832306,-0.13774345815181732,-0.012939903885126114,0.1242109015583992,-0.15419748425483704,-0.0756489560008049,-0.0326332151889801,0.17317788302898407,0.04537493735551834,-0.10335097461938858,-0.19136592745780945,0.07481871545314789,-0.1577838808298111,-0.09982414543628693,0.037685297429561615,-0.1428602635860443,-0.14561976492404938,-0.28791454434394836,0.032830800861120224,0.3639553189277649,0.04155672341585159,-0.16107596457004547,0.062358126044273376,-0.061375416815280914,-0.042948197573423386,0.16322994232177734,0.1454479992389679,-0.01365897711366415,0.013488398864865303,-0.09446493536233902,0.050588808953762054,0.19924227893352509,-0.09634500741958618,-0.05577550083398819,0.23988190293312073,-0.04486828297376633,0.0962381586432457,0.0499536395072937,0.04512110725045204,0.020172368735074997,0.04194257780909538,-0.164446160197258,0.0024746404960751534,0.09009438753128052,-0.07571271061897278,-0.026654783636331558,0.11384747177362442,-0.12839463353157043,0.08442233502864838,0.007695549633353949,0.05728017911314964,0.10444806516170502,-0.10583815723657608,-0.0793037936091423,-0.06695029139518738,0.16312380135059357,-0.21304844319820404,0.2197708636522293,0.18492065370082855,0.05677606537938118,0.07284370809793472,0.10442561656236649,0.10027668625116348,-0.010447096079587936,-0.02150806039571762,-0.2223718911409378,-0.015179138630628586,0.07047200947999954,0.06959567964076996,0.05394697189331055,-0.04704560339450836
-0.04841635376214981,0.15644443035125732,0.0470067635178566,-0.0178474523127079,-0.005932413507252932,-0.057064346969127655,-0.036410704255104065,-0.1416914165019989,0.12586809694766998,-0.07184650748968124,0.29112428426742554,-0.0634390264749527,-0.19648046791553497,-0.11210620403289795,-0.052116021513938904,0.1335698515176773,-0.24616427719593048,-0.07539403438568115,-0.02835140749812126,-0.002668420784175396,0.1234837993979454,-0.0004021234344691038,0.06277717649936676,-0.03439353033900261,-0.047777771949768066,-0.32911989092826843,-0.0990571454167366,-0.08903084695339203,0.05948830768465996,-0.06774786114692688,-0.05207176133990288,0.02962430566549301,-0.17874599993228912,-0.0702981948852539,0.001672305166721344,0.048156872391700745,-0.02865166962146759,-0.0258193239569664,0.22628554701805115,-0.004749097861349583,-0.15167903900146484,0.06372302025556564,0.014788419008255005,0.2660815417766571,0.26127755641937256,0.0073811947368085384,-0.018339617177844048,-0.16821007430553436,0.0860770046710968,-0.16206344962120056,0.008030219934880733,0.18802212178707123,0.06095672398805618,0.1054781824350357,-0.05620577186346054,-0.04176777973771095,0.026068275794386864,0.04006773233413696,-0.13416792452335358,-0.005511248484253883,0.1755620837211609,-0.12750378251075745,-0.06966608017683029,-0.03685624152421951,0.19927409291267395,0.039156243205070496,-0.12115147709846497,-0.18963374197483063,0.06863610446453094,-0.14666372537612915,-0.11080271005630493,0.04035298898816109,-0.1571161448955536,-0.13566096127033234,-0.2852856516838074,0.03379053622484207,0.3672761917114258,0.042884863913059235,-0.16260895133018494,0.060849081724882126,-0.10547970235347748,-0.02900051139295101,0.15288785099983215,0.14288486540317535,-0.015906602144241333,0.011332259513437748,-0.09213925898075104,0.05922708660364151,0.18266041576862335,-0.10540895909070969,-0.04834790900349617,0.2282646894454956,-0.0323568619787693,0.12305794656276703,0.043310895562171936,0.050823330879211426,0.0028998395428061485,0.06251879781484604,-0.14427371323108673,0.02539493516087532,0.07473937422037125,-0.08027032017707825,-0.01537397038191557,0.1142883449792862,-0.13652706146240234,0.1079167053103447,-0.0003709397278726101,0.07001540809869766,0.0996948853135109,-0.09559477865695953,-0.08133696764707565,-0.05923721566796303,0.1444748193025589,-0.22739052772521973,0.21632060408592224,0.1865035891532898,0.061868030577898026,0.061528995633125305,0.11673964560031891,0.10104069113731384,-0.019264111295342445,-0.004446674138307571,-0.24566204845905304,0.01891523227095604,0.046845801174640656,0.06154293939471245,0.040680378675460815,-0.027791224420070648
-0.05323251709342003,0.15408873558044434,0.05483594164252281,-0.007441687397658825,-0.02649511769413948,-0.01139618456363678,-0.014332250691950321,-0.15232707560062408,0.1398971825838089,-0.04214326664805412,0.2987580895423889,-0.04976026341319084,-0.22055156528949738,-0.12860244512557983,-0.057306475937366486,0.17187634110450745,-0.22132951021194458,-0.09430824965238571,-0.020878944545984268,0.009779161773622036,0.12092914432287216,0.0015533515252172947,0.08627697080373764,-0.01962299272418022,-0.03755448758602142,-0.3501182794570923,-0.07735607773065567,-0.07288871705532074,0.06940968334674835,-0.07034951448440552,-0.08048393577337265,0.03430359810590744,-0.1845058649778366,-0.07374674081802368,0.027590077370405197,0.06929576396942139,-0.03457660228013992,-0.05735316872596741,0.21961118280887604,-0.015540502034127712,-0.16274325549602509,0.054670628160238266,0.03244004771113396,0.2534988820552826,0.25597187876701355,0.030821865424513817,-0.005103563889861107,-0.1620197892189026,0.09146133065223694,-0.1680530160665512,0.020080670714378357,0.17152391374111176,0.044970203191041946,0.0758858323097229,-0.06000101938843727,-0.06694158166646957,0.0030248714610934258,0.05934753641486168,-0.14430350065231323,-0.005132331978529692,0.13533510267734528,-0.12016524374485016,-0.07503053545951843,-0.057572390884160995,0.17772898077964783,0.04488232731819153,-0.11446579545736313,-0.18638230860233307,0.06122985854744911,-0.15797175467014313,-0.1042972281575203,0.03028646670281887,-0.173773854970932,-0.15489286184310913,-0.2873697578907013,0.014639812521636486,0.3883872628211975,0.04573856666684151,-0.1821778416633606,0.059284307062625885,-0.037917908281087875,-0.01689586043357849,0.15870557725429535,0.1792955845594406,0.011214697733521461,0.021272854879498482,-0.10868348926305771,0.024588804692029953,0.19573967158794403,-0.1054084300994873,-0.05598263442516327,0.24295537173748016,-0.031155552715063095,0.11375200748443604,0.045551009476184845,0.06169950217008591,0.01809754967689514,0.05744082108139992,-0.16336825489997864,-0.013859141618013382,0.04358382895588875,-0.04955745488405228,-0.021752575412392616,0.09377124905586243,-0.14097954332828522,0.09621697664260864,-0.0009735012426972389,0.07879806309938431,0.09040259569883347,-0.12108068913221359,-0.06915256381034851,-0.06035540625452995,0.13859720528125763,-0.21949143707752228,0.20779557526111603,0.20723703503608704,0.05582195147871971,0.07565795630216599,0.10591357946395874,0.09897689521312714,0.017133276909589767,0.002202507108449936,-0.22700628638267517,0.0023065211717039347,0.05775236338376999,0.028702206909656525,0.05690541863441467,-0.030627314001321793
-0.047467488795518875,0.15571320056915283,0.05582244694232941,-0.0046577733010053635,-0.002088941866531968,-0.05370127409696579,-0.029312653467059135,-0.13187682628631592,0.12814471125602722,-0.07084409892559052,0.3045102655887604,-0.0698152706027031,-0.18662400543689728,-0.11260658502578735,-0.04471789672970772,0.14317366480827332,-0.24353255331516266,-0.07411891967058182,-0.029090695083141327,-0.002195761539041996,0.13851909339427948,-0.016931191086769104,0.06134079396724701,-0.03885228931903839,-0.044516634196043015,-0.33298370242118835,-0.10191118717193604,-0.08108823001384735,0.07779926806688309,-0.08389431238174438,-0.04626763239502907,0.022852107882499695,-0.17859934270381927,-0.0691787600517273,-0.005891961045563221,0.04324508458375931,-0.021572014316916466,-0.03150322288274765,0.23234985768795013,-0.009793547913432121,-0.1543804407119751,0.05583549290895462,0.004775685258209705,0.26895222067832947,0.25348997116088867,0.018349293619394302,-0.021397961303591728,-0.16172479093074799,0.08213108777999878,-0.1700231283903122,0.017765332013368607,0.18098632991313934,0.04865949973464012,0.10545319318771362,-0.054246686398983,-0.044379815459251404,0.023335624486207962,0.04835035651922226,-0.14470672607421875,-0.009503343142569065,0.16894420981407166,-0.12068882584571838,-0.06571027636528015,-0.045744460076093674,0.18731315433979034,0.043825648725032806,-0.11277459561824799,-0.19581007957458496,0.06521502137184143,-0.1397804170846939,-0.10008397698402405,0.03918305039405823,-0.15428441762924194,-0.14003212749958038,-0.2952643930912018,0.03415766358375549,0.3790801167488098,0.03767294064164162,-0.1609736680984497,0.05439304932951927,-0.09700508415699005,-0.037487294524908066,0.16164670884609222,0.1319316178560257,-0.006665024906396866,0.005925224162638187,-0.09696453809738159,0.05838489904999733,0.17556548118591309,-0.10952380299568176,-0.04675201326608658,0.2196933925151825,-0.041419848799705505,0.11165585368871689,0.030228756368160248,0.05827200040221214,0.005121086724102497,0.08096557855606079,-0.1444411724805832,0.024436496198177338,0.06848396360874176,-0.072905533015728,-0.019421271979808807,0.10997464507818222,-0.14679597318172455,0.10870968550443649,0.0066991886124014854,0.06698872894048691,0.09161967784166336,-0.09664622694253922,-0.09603328257799149,-0.05313678830862045,0.14549757540225983,-0.2359805554151535,0.2101999819278717,0.20328520238399506,0.059411242604255676,0.0641140267252922,0.11381471157073975,0.10347975790500641,-0.010500164702534676,-0.007887203246355057,-0.25457102060317993,0.0266594048589468,0.04155398905277252,0.06509881466627121,0.024445611983537674,-0.02295576222240925
-0.05958889424800873,0.1610109806060791,0.04282786324620247,0.000952776288613677,0.0053961933590471745,-0.058827564120292664,-0.036635734140872955,-0.1404978334903717,0.11805090308189392,-0.07259547710418701,0.29252833127975464,-0.0740349218249321,-0.22489625215530396,-0.10940078645944595,-0.050747718662023544,0.14774465560913086,-0.2548734247684479,-0.08781347423791885,-0.026745490729808807,0.006780843250453472,0.1373671144247055,0.008161954581737518,0.04669404402375221,-0.023211553692817688,-0.0627887099981308,-0.3461085855960846,-0.10123208910226822,-0.08261430263519287,0.03976694494485855,-0.07238943874835968,-0.053681373596191406,0.012543237768113613,-0.17826606333255768,-0.0709628239274025,0.006044040434062481,0.04460034891963005,-0.01879173144698143,-0.026734257116913795,0.22373759746551514,0.012114857323467731,-0.15662652254104614,0.052827369421720505,0.016428831964731216,0.2719860374927521,0.23087511956691742,0.04976149648427963,-0.021470932289958,-0.1787777543067932,0.07237806916236877,-0.17362524569034576,0.023554909974336624,0.19398802518844604,0.04821167513728142,0.10882721841335297,-0.05045582726597786,-0.05975288525223732,0.025878140702843666,0.03592711314558983,-0.15189917385578156,-0.009523359127342701,0.1729731261730194,-0.1273089349269867,-0.04401211440563202,-0.04625764861702919,0.19947651028633118,0.035429682582616806,-0.11768221855163574,-0.17220254242420197,0.06385579705238342,-0.15928733348846436,-0.11817501485347748,0.019447654485702515,-0.13067643344402313,-0.15049469470977783,-0.307290643453598,0.03541196882724762,0.36455222964286804,0.05421437695622444,-0.1667824238538742,0.05689924955368042,-0.07886158674955368,-0.04501993581652641,0.17802555859088898,0.1526351422071457,-0.0038581136614084244,0.0031610392034053802,-0.09726826846599579,0.047969963401556015,0.18358498811721802,-0.09408855438232422,-0.035403601825237274,0.2248913198709488,-0.041511982679367065,0.11378291249275208,0.053008511662483215,0.05997118353843689,-0.02102358266711235,0.07397947460412979,-0.11950415372848511,0.03975769504904747,0.06449209153652191,-0.06415469944477081,-0.01622532494366169,0.10852387547492981,-0.1225021630525589,0.10347488522529602,-0.004805714823305607,0.04485255852341652,0.08607034385204315,-0.09245509654283524,-0.09210770577192307,-0.073755644261837,0.13243070244789124,-0.23389172554016113,0.2182185798883438,0.1891196072101593,0.03800457715988159,0.07920419424772263,0.10537861287593842,0.12052132934331894,-0.028523365035653114,0.0003382433205842972,-0.26202699542045593,0.003149252850562334,0.05934911221265793,0.05415599048137665,0.05075882375240326,-0.033205676823854446
